ㄱ,주소
서운고등학교,인천광역시 계양구 아나지로 481(서운동)
가정고등학교,인천광역시 서구 서달로 162(석남동)
가림고등학교,인천광역시 서구 원적로 58(가좌동)
인천예일고등학교,인천광역시 계양구 박촌로 23(방축동)
인천논현고등학교,인천광역시 남동구 청능대로611번길 54. 인천논현고등학교 (논현동)
인천상정고등학교,인천광역시 부평구 경원대로 1109(십정동)
인천세원고등학교,인천광역시 계양구 장제로 966(병방동.인천세원고등학교)
강화고등학교,인천광역시 강화군 강화읍 고비고개로 20(강화읍)
강화여자고등학교,인천광역시 강화군 강화읍 송악길 58(강화읍)
검단고등학교,인천광역시 서구 검단로540번길 7(마전동)
계산고등학교,인천광역시 계양구 주부토로 588(계산동.계산고등학교)
계산여자고등학교,인천광역시 계양구 계산새로 131(용종동)
교동고등학교,인천광역시 강화군 교동면 교동남로 77(교동면. 교동중고등학교)
동인천고등학교,인천광역시 남동구 만수로75번길 71-15(만수동.동인천고등학교)
인천아라고등학교,인천광역시 서구 서로2로 62(당하동. 인천아라고등학교)
백석고등학교,인천광역시 서구 서곶로 701(백석동)
부개여자고등학교,인천광역시 부평구 부흥로 433(부개동)
부광고등학교,인천광역시 부평구 화랑로 28(산곡동)
부광여자고등학교,인천광역시 부평구 충선로 143(부개동)
계양고등학교,인천광역시 계양구 계양문화로 177계양고등학교
부평여자고등학교,인천광역시 부평구 부흥로243번길 44(부평동)
인제고등학교,인천광역시 남동구 석산로197번길 19. 인제고등학교 (간석동)
석정여자고등학교,인천광역시 남동구 방축로469번길 27(간석동. 석정여자고등학교)
인천중산고등학교,인천광역시 중구 은하수로 142(중산동. 인천중산고등학교)
부평고등학교,인천광역시 부평구 부흥북로 43(부평동)
인명여자고등학교,인천광역시 미추홀구 문화로 11(관교동)
삼산고등학교,인천광역시 부평구 영성중로 54(삼산동. 삼산고등학교)
인화여자고등학교,인천광역시 미추홀구 석정로 165. 인화여자고등학교 (도화동)
서도고등학교,인천광역시 강화군 서도면 주문도길 173(서도면)
인천송천고등학교,인천광역시 남동구 앵고개로815번길 59(논현동)
인천초은고등학교,인천광역시 서구 청라에메랄드로 42(연희동. 초은고등학교)
인천청라고등학교,인천광역시 서구 담지로86번길 16-14(연희동.청라고등학교)
인천하늘고등학교,인천광역시 중구 영종대로277번길 117. 인천하늘고등학교 (운서동)
인천연송고등학교,인천광역시 연수구 컨벤시아대로42번길 72(송도동)
인천영종고등학교,인천광역시 중구 영종대로278번길 34(운서동)
인천해원고등학교,인천광역시 서구 청라사파이어로140번길 25(청라동. 인천해원고등학교)
인천포스코고등학교,인천광역시 연수구 컨벤시아대로42번길 50(송도동)
선인고등학교,인천광역시 미추홀구 석정로 165(도화동)
연수고등학교,인천광역시 연수구 원인재로 145(연수동)
연수여자고등학교,인천광역시 연수구 먼우금로141번길 9(동춘동)
백령고등학교,인천광역시 옹진군 백령면 백령로 708(백령면)
인천고등학교,인천광역시 미추홀구 경원대로 804(주안동. 인천고등학교)
인천공항고등학교,인천광역시 중구 신도시북로 20(운서동)
인천남고등학교,인천광역시 남동구 석정로551번길 41(간석동)
인천여자고등학교,인천광역시 연수구 비류대로506번길 14(연수동) 인천여자고등학교
제물포고등학교,인천광역시 중구 자유공원로 58-9(전동)
학익고등학교,인천광역시 미추홀구 한나루로 358번길 23-22(학익동)
학익여자고등학교,인천광역시 미추홀구 주승로52번길 8(학익동. 학익여자고등학교)
인천해송고등학교,인천광역시 연수구 해송로 20(송도동)
인천고잔고등학교,인천광역시 남동구 에코중앙로 117. 인천고잔고등학교 (논현동. 고잔고등학교)
인천효성고등학교,인천광역시 계양구 새벌로171번길 21(효성동)
인천영선고등학교,인천광역시 부평구 체육관로 179(삼산동)
인천원당고등학교,인천광역시 서구 고산로40번길 30(원당동)
광성고등학교,인천광역시 중구 참외전로244번길 47(도원동)
산마을고등학교,인천광역시 강화군 양도면 강화남로1002번길 73-29. 산마을고등학교 (양도면)
인천대건고등학교,인천광역시 연수구 능허대로 437(동춘동. 인천대건고등학교)
대인고등학교,인천광역시 서구 서곶로 446(공촌동)
덕신고등학교,인천광역시 강화군 강화읍 고비고개로 45(강화읍. 덕신고등학교)
동산고등학교,인천광역시 동구 동산로 58. 동산고등학교 (송림동)
인일여자고등학교,인천광역시 중구 참외전로72번길 10(전동)
명신여자고등학교,인천광역시 부평구 원적로 260(산곡동.명신여자고등학교)
인천산곡고등학교,인천광역시 부평구 원적로416번길 25(산곡동)
문일여자고등학교,인천광역시 남동구 구월로372번길 56(만수동)
박문여자고등학교,인천광역시 연수구 송도과학로51번길 16(송도동. 박문여자고등학교)
서인천고등학교,인천광역시 서구 서곶로 475(검암동)
인천마전고등학교,인천광역시 서구 마전로 74(마전동. 인천마전고등학교)
세일고등학교,인천광역시 부평구 원적로 245(산곡동)
송도고등학교,인천광역시 연수구 독배로 91(옥련동)
숭덕여자고등학교,인천광역시 남동구 만수로73번길 20-23(만수동. 숭덕여자고등학교)
신명여자고등학교,인천광역시 남동구 용천로205번길 42. 신명여자고등학교 (간석동)
인성여자고등학교,인천광역시 중구 홍예문로 39(송학동2가)
인하대학교사범대학부속고등학교,인천광역시 미추홀구 재넘이길123번길 29. 인하대학교사범대학부속중고등학교 (학익동. 인하사범대부속중고등학교)
제일고등학교,인천광역시 부평구 경인로759번길 28(십정동)
인항고등학교,인천광역시 미추홀구 매소홀로 135(용현동. 인항고등학교)
안남고등학교,인천광역시 계양구 아나지로308번길 9(작전동)
작전고등학교,인천광역시 계양구 봉오대로729번길 27(작전동)
작전여자고등학교,인천광역시 계양구 주부토로426번길 15작전여자고등학교(작전동 92)
옥련여자고등학교,인천광역시 연수구 옥골로 77(옥련동. 옥련여자고등학교)
가좌고등학교,인천광역시 서구 장고개로287번길 24(가좌동)
부개고등학교,인천광역시 부평구 수변로57번길 36(부개동.부개고등학교)
도림고등학교,인천광역시 남동구 서창남로 8(서창동)
인천부흥고등학교,인천광역시 부평구 수변로57번길 61(부개동)
신송고등학교,인천광역시 연수구 신송로6번길 56(송도동) 신송고등학교
인천만수고등학교,인천광역시 남동구 장승로 91(만수동. 만수고등학교)
인천신현고등학교,인천광역시 서구 염곡로 399(신현동)
인천남동고등학교,인천광역시 남동구 은봉로 283. 인천남동고등학교 (논현동)
인천체육고등학교,인천광역시 서구 로봇랜드로 473(청라동. 인천체육고등학교)
인천과학고등학교,인천광역시 중구 영종대로277번길 74-37(운서동)
인천진산과학고등학교,인천광역시 부평구 굴포로 194-9(삼산동)
인천과학예술영재학교,인천광역시 연수구 아카데미로 192(송도동)
인천예술고등학교,인천광역시 남동구 구월로115번길 36(간석동)
미추홀외국어고등학교,인천광역시 남동구 에코중앙로 130(논현동)
인천외국어고등학교,인천광역시 부평구 원적로 262. 인천외국어고등학교 (산곡동)
인천국제고등학교,인천광역시 중구 영종대로277번길 74-40(운서동)
인평자동차고등학교,인천광역시 부평구 화랑로 111. 인평자동차정보고등학교 (산곡동)
계산공업고등학교,인천광역시 계양구 도두리로 47(계산동)
인천미래생활고등학교,인천광역시 부평구 수변로 165(부개동)
강남영상미디어고등학교,인천광역시 강화군 길상면 강화남로 57(길상면)
부평공업고등학교,인천광역시 부평구 주부토로 194(갈산동. 부평공업고등학교)
인천대중예술고등학교,인천광역시 미추홀구 석정로 165. 인천대중예술고등학교 (도화동)
인천소방고등학교,인천광역시 미추홀구 석정로 165(도화동)
인천기계공업고등학교,인천광역시 미추홀구 한나루로 545(주안동. 인천기계공업고등학교)
인천디자인고등학교,인천광역시 서구 대평로56번길 10. 인천디자인고등학교 (연희동)
인천전자마이스터고등학교,인천광역시 미추홀구 석정로 165(도화동)
인천정보과학고등학교,인천광역시 중구 참외전로 192(율목동)
인천바이오과학고등학교,인천광역시 연수구 용담로 12(청학동)
인천재능고등학교,인천광역시 동구 재능로 178. 인천재능고등학교 (송림동)
정석항공과학고등학교,인천광역시 미추홀구 인하로 100정석항공과학고등학교(용현동. 인하대.인하공전.정석항공고)
한국주얼리고등학교,인천광역시 서구 서곶로 693-1. 한국주얼리고등학교 (백석동)
인천비즈니스고등학교,인천광역시 미추홀구 장고개로 31(도화동. 인천비즈니스고등학교)
문학정보고등학교,인천광역시 미추홀구 소성로350번길 29(문학동. 문학정보고등학교)
영종국제물류고등학교,인천광역시 중구 운남서로10번길 1(운남동)
인천여자상업고등학교,인천광역시 중구 인중로 146(신생동)
인천보건고등학교,인천광역시 서구 서달로 58-16. 인천보건고등학교 (석남동)
인천금융고등학교,인천광역시 남동구 함박뫼로 438-9인천금융고등학교(논현동)
인천세무고등학교,인천광역시 서구 청마로 52. 인천세무고등학교 (당하동)
영화국제관광고등학교,인천광역시 동구 우각로 39(창영동)
인천중앙여자상업고등학교,인천광역시 중구 샛골로 31(도원동)
인천해양과학고등학교,인천광역시 연수구 능허대로 71(옥련동. 인천해양과학고등학교)
인천해사고등학교,인천광역시 중구 월미로 338(북성동1가)
한국글로벌셰프고등학교,인천광역시 강화군 내가면 강화서로 184(내가면. 삼량중고등학교)
인천생활과학고등학교,인천광역시 연수구 함박뫼로 103. 인천생활과학고 (연수동)
인천뷰티예술고등학교,인천광역시 연수구 원인재로 21. 인천뷰티예술고등학교 (동춘동)
인천혜광학교,인천광역시 부평구 경인로769번길 27. 인천혜광학교 (십정동)
인천성동학교,인천광역시 부평구 경인로 880. 인천성동학교 (부평동)
인천청선학교,인천광역시 남동구 인주대로914번길 16(만수동)
인천청인학교,인천광역시 미추홀구 숙골로135번길 14(도화동. 인천청인학교)
인천서희학교,인천광역시 서구 독정로 44-4(당하동)
인천연일학교,인천광역시 연수구 함박뫼로 208(연수동)
인천예림학교,인천광역시 부평구 동수로 87(부평동)
인천인혜학교,인천광역시 계양구 장제로 1304(장기동)
미추홀학교,인천광역시 남동구 수현로136번길 16(만수동)
인천은광학교,인천광역시 부평구 마분로 8(부개동)
한진고등기술학교,인천광역시 미추홀구 장고개로 69. 한진고등기술학교 (도화동. 한진고등기술학교)
인천산업정보학교,인천광역시 동구 금창로 31(금곡동)
인천청담고등학교,인천광역시 연수구 앵고개로 132(동춘동)
인천해밀학교,인천광역시 남동구 문화로169번길 73(구월동)
인천여자고등학교 부설 방송통신고등학교,인천광역시 연수구 비류대로506번길 14
제물포고등학교 부설 방송통신고등학교,인천광역시 중구 자유공원로 58-9
덕적초등학교병설유치원,인천광역시 옹진군 덕적면 덕적남로 15(덕적면. 덕적초중고등학교)
유원유치원,인천광역시 미추홀구 낙섬중로 100(용현동)
인천용학초등학교병설유치원,인천광역시 미추홀구 용정공원로83번길 9. 인천용학초등학교 (용현동. 인천 용학초등학교)
인천용유초등학교병설유치원,인천광역시 중구 남북로87번길 4(남북동. 용유초등학교)
연평초등학교병설유치원,인천광역시 옹진군 연평면 연평로137번길 101(연평면. 연평초등학교)
인천주안초등학교병설유치원,인천광역시 미추홀구 남주길69번길 16(주안동. 주안초등학교)
인천서흥초등학교병설유치원,인천광역시 동구 샛골로 189(송림동)
인천영종초등학교병설유치원,인천광역시 중구 하늘달빛로 133(중산동. 영종초등학교)
대청초등학교병설유치원,인천광역시 옹진군 대청면 대청로244번길 110대청초등학교 병설유치원 (대청면. 대청초등학교)
한빛유치원,인천광역시 미추홀구 소성로 120(학익동. 동아.풍림아파트)
무지개유치원,인천광역시 중구 눈돌로 35(운서동)
인천만석초등학교병설유치원,인천광역시 동구 제물량로 412. 만석초등학교 병설유치원 (화수동. 만석초등학교)
프라임건영유치원,인천광역시 미추홀구 남주길11번길 79프라임건영유치원 (도화동)
숭의유치원,인천광역시 미추홀구 독배로 485(숭의동.비젼선교관 숭의교회)
도담유치원,인천광역시 미추홀구 인하로 319(주안동)
연흥유치원,인천광역시 미추홀구 석정로434번길 12(주안동.연흥유치원)
소라유치원,인천광역시 미추홀구 경원대로 799(주안동.소라유치원)
동원유치원,인천광역시 미추홀구 인하로235번길 27(주안동)
인천문학초등학교병설유치원,인천광역시 미추홀구 매소홀로 553(문학동. 문학초등학교)
송현유치원,인천광역시 동구 화수로 40(송현동.송현유치원)
북포초등학교병설유치원,인천광역시 옹진군 백령면 가을길 117(백령면. 북포초등학교)
세종유치원,인천광역시 미추홀구 낙섬서로 77(용현동)
인천삼목초등학교장봉분교장병설유치원,인천광역시 옹진군 북도면 장봉로 553(북도면. 인천삼목초등학교장봉분교)
소명유치원,인천광역시 미추홀구 낙섬동로 71-1(용현동)
인천서림초등학교병설유치원,인천광역시 동구 금곡로 105(송림동)
인천대화초등학교병설유치원,인천광역시 미추홀구 석정로301번길 13(도화동. 대화초등학교)
인천송림초등학교병설유치원,인천광역시 동구 화도진로 10(송림동. 송림초등학교)
다솜유치원,인천광역시 미추홀구 학익소로23번길 11(학익동.다솜유치원)
인천도화초등학교병설유치원,인천광역시 미추홀구 경인로 242(도화동. 도화초등학교)
진흥유치원,인천광역시 미추홀구 주승로 109(주안동.진흥아파트)
인천서화초등학교병설유치원,인천광역시 미추홀구 송림로 250(도화동. 서화초등학교)
미주유치원,인천광역시 미추홀구 석정로461번길 19(주안동)
신동아유치원,인천광역시 미추홀구 매소홀로475번길 18(학익동)
인천재능대학교부속유치원,인천광역시 동구 재능로 178(송림동.재능대학)
리틀하버드유치원,인천광역시 미추홀구 한나루로403번길 60-3(학익동.재능유치원)
성바오로유치원,인천광역시 미추홀구 경인남길102번길 50(용현동.성바오로유치원)
인천공항유치원,인천광역시 중구 신도시남로 43(운서동. 공항초등학교)
박문유치원,인천광역시 중구 우현로50번길 2(답동.답동성당)
용화유치원,인천광역시 미추홀구 주염로 29(주안동.법보선원)
금호유치원,인천광역시 미추홀구 매소홀로 70(용현동.용현2단지금호타운)
인천송월초등학교병설유치원,인천광역시 중구 자유공원로 106-8(전동. 인천송월초등학교)
백령성모유치원,인천광역시 옹진군 백령면 백령로254번길 66. 성모유치원 (백령면.주택)
노벨유치원,인천광역시 미추홀구 낙섬중로 74(용현동)
인천송현초등학교병설유치원,인천광역시 동구 송화로 45(송현동. 송현초등학교)
인천숭의초등학교병설유치원,인천광역시 미추홀구 장천로 99(숭의동. 숭의초등학교)
초롱유치원,인천광역시 중구 영종대로27번길 38(운서동.풍림 아이원아파트)
해승유치원,인천광역시 미추홀구 학익소로61번길 93(학익동) 해승유치원
해님나라유치원,인천광역시 중구 은골로 42(운서동)
하늘유치원,인천광역시 미추홀구 미추홀대로626번길 47(주안동.하늘유치원)
인천공항초등학교신도분교장병설유치원,인천광역시 옹진군 북도면 신도로896번길 18-31(북도면. 인천공항초등학교신도분교)
인천별빛초등학교병설유치원,인천광역시 중구 은하수로 402. 인천별빛초등학교병설유치원 (운남동)
영흥초등학교병설유치원,인천광역시 옹진군 영흥면 영흥로 440-8(영흥면. 영흥초등학교)
인천신선초등학교병설유치원,인천광역시 중구 축항대로291번길 33(신흥동3가. 신선초등학교)
인천신흥초등학교병설유치원,인천광역시 중구 제물량로 134(답동. 인천신흥초병설유치원)
인천용일초등학교병설유치원,인천광역시 미추홀구 인주대로 244(용현동. 용일초등학교)
인천용정초등학교병설유치원,인천광역시 미추홀구 독정안길 26(숭의동. 용정초등학교)
인천용현남초등학교자월분교장병설유치원,인천광역시 옹진군 자월면 자월서로 177. 인천용현남초등학교자월분교장병설유치원(자월면. 용현남초등학교자월분교)
인천인주초등학교병설유치원,인천광역시 미추홀구 매소홀로475번길 53(학익동. 인주초등학교)
인천창영초등학교병설유치원,인천광역시 동구 우각로15번길 16(창영동)
인천연학초등학교병설유치원,인천광역시 미추홀구 주승로 20(학익동. 연학초병설유치원)
인천학익초등학교병설유치원,인천광역시 미추홀구 한나루로403번길 122(학익동. 학익초등학교)
인천하늘초등학교병설유치원,인천광역시 중구 은하수로 294(중산동)
국현유치원,인천광역시 미추홀구 미추홀대로597번길 42(주안동)
뒤나미스유치원,인천광역시 중구 오작로 116(중산동)
이튼유치원,인천광역시 중구 남디로안길 34-7(운남동)
예원유치원,인천광역시 동구 송현로 63-3(송현동)
밀알유치원,인천광역시 미추홀구 장고개로42번길 42(도화동)
한울유치원,인천광역시 동구 솔빛로 17(송현동)
인천남부초등학교이작분교장병설유치원,인천광역시 옹진군 자월면 대이작로 60. 인천남부초등학교이작분교장병설유치원 (자월면. 인천남부초이작분교장병설유치원)
건영유치원,인천광역시 미추홀구 인하로221번길 19(주안동)
그림나라유치원,인천광역시 미추홀구 소성로332번길 10(문학동)
인천경원초등학교병설유치원,인천광역시 미추홀구 경인로 511(주안동. 경원초등학교)
반디유치원,인천광역시 미추홀구 매소홀로 340(학익동.학익동풍림아이원아파트)
참빛유치원,인천광역시 미추홀구 수봉로135번길 29(주안동.주안동 노유자시설)
지영유치원,인천광역시 중구 도원로8번길 28(신흥동3가. 지영유치원)
영종유치원,인천광역시 중구 백운로 57-25(중산동. 영종유치원)
솔샘유치원,인천광역시 미추홀구 석산로 38(주안동)
산새소리유치원,인천광역시 동구 송림로117번길 6(송림동.명성어린이집)
솔빛유치원,인천광역시 동구 화수로 2(송현동.솔빛유치원)
인천중산초등학교병설유치원,인천광역시 중구 두미포로 100(중산동. 인천중산초등학교)
인천연안초등학교병설유치원,인천광역시 중구 연안부두로33번길 53(항동7가. 인천연안초등학교)
인천용학초등학교,인천광역시 미추홀구 용정공원로83번길 9. 인천용학초등학교 (용현동. 인천 용학초등학교)
인천남부초등학교이작분교장,인천광역시 옹진군 자월면 대이작로 60(자월면. 인천남부초등학교이작분교)
대청초등학교소청분교장,인천광역시 옹진군 대청면 소청동로 69-13(대청면. 대청초등학교소청분교)
인천공항초등학교,인천광역시 중구 신도시남로 43(운서동. 공항초등학교)
인천관교초등학교,인천광역시 미추홀구 인하로 414. 인천관교초등학교 (관교동. 인천관교초등학교)
인천남부초등학교,인천광역시 미추홀구 인주대로366번길 22(주안동. 남부초등학교)
인천삼목초등학교장봉분교장,인천광역시 옹진군 북도면 장봉로 553(북도면. 인천삼목초등학교장봉분교)
인천영종초등학교금산분교장,인천광역시 중구 백운로414번길 63-50(운북동. 금산초등학교)
대청초등학교,인천광역시 옹진군 대청면 대청로244번길 110(대청면. 대청초등학교)
인천대화초등학교,인천광역시 미추홀구 석정로301번길 13(도화동. 대화초등학교)
인천도화초등학교,인천광역시 미추홀구 경인로 242(도화동. 도화초등학교)
인천송림초등학교,인천광역시 동구 화도진로 10(송림동)
인천만석초등학교,인천광역시 동구 제물량로 412(화수동. 만석초등학교)
인천문학초등학교,인천광역시 미추홀구 매소홀로 553(문학동. 문학초등학교)
백령초등학교,인천광역시 옹진군 백령면 백령로316번길 91(백령면. 백령초등학교)
인천백학초등학교,인천광역시 미추홀구 매소홀로446번길 25(학익동. 백학초등학교)
인천공항초등학교신도분교장,인천광역시 옹진군 북도면 신도로896번길 18-31(북도면.인천공항초등학교신도분교)
북포초등학교,인천광역시 옹진군 백령면 가을길 117(백령면. 북포초등학교)
인천별빛초등학교,인천광역시 중구 은하수로 402. 인천별빛초등학교 (운남동)
인천서림초등학교,인천광역시 동구 금곡로 105(송림동.서림초등학교)
인천서화초등학교,인천광역시 미추홀구 송림로 250(도화동. 서화초등학교)
인천서흥초등학교,인천광역시 동구 샛골로 189(송림동)
인천석암초등학교,인천광역시 미추홀구 주안동로 46(주안동. 석암초등학교)
인천용유초등학교무의분교장,인천광역시 중구 대무의로 302-17(무의동. 용유초등학교무의분교)
인천송월초등학교,인천광역시 중구 자유공원로 106-8(전동. 인천송월초등학교)
인천용현남초등학교자월분교장,인천광역시 옹진군 자월면 자월서로 177(자월면. 용현남초등학교자월분교)
인천송현초등학교,인천광역시 동구 송화로 45(송현동. 송현초등학교)
인천숭의초등학교,인천광역시 미추홀구 장천로 99(숭의동. 숭의초등학교)
인천승학초등학교,인천광역시 미추홀구 주승로 259(관교동. 승학초등학교)
인천신선초등학교,인천광역시 중구 축항대로291번길 33(신흥동3가. 신선초등학교)
인천신흥초등학교,인천광역시 중구 제물량로 134(답동. 인천신흥초등학교)
인천연안초등학교,인천광역시 중구 연안부두로33번길 53. 인천연안초등학교 (항동7가)
인천영종초등학교,인천광역시 중구 하늘달빛로 133. 인천영종초등학교 (중산동)
영흥초등학교,인천광역시 옹진군 영흥면 영흥로 440-8(영흥면. 영흥초등학교)
인천용유초등학교,인천광역시 중구 남북로87번길 4(남북동. 용유초등학교)
인천용일초등학교,인천광역시 미추홀구 인주대로 244(용현동. 용일초등학교)
인천용정초등학교,인천광역시 미추홀구 독정안길 26(숭의동. 용정초등학교)
인천용현초등학교,인천광역시 미추홀구 낙섬동로 83(용현동. 용현초등학교)
인천용현남초등학교,인천광역시 미추홀구 매소홀로 133(용현동. 인천용현남초등학교)
인천운서초등학교,인천광역시 중구 운서2로 57(운서동.인천운서초등학교)
영화초등학교,인천광역시 동구 우각로 39. 영화초등학교 (창영동. 영화관광경영고등학교. 영화초등학교)
인천주안남초등학교승봉분교장,인천광역시 옹진군 자월면 승봉로67번길 43-18(자월면. 인천주안남초등학교승봉분교)
인천인주초등학교,인천광역시 미추홀구 매소홀로475번길 53(학익동. 인천인주초등학교)
인천신광초등학교,인천광역시 중구 인중로 63(신흥동3가. 신광초등학교)
인천주안초등학교,인천광역시 미추홀구 남주길69번길 16(주안동. 주안초등학교)
인천주안남초등학교,인천광역시 미추홀구 인주대로434번길 11(주안동. 주안남초등학교)
인천주안북초등학교,인천광역시 미추홀구 석정로375번길 14(주안동. 인천 주안북초등학교)
인천창영초등학교,인천광역시 동구 우각로15번길 16(창영동.창영초등학교)
인천하늘초등학교,인천광역시 중구 은하수로 294(중산동. 영종하늘초등학교)
인천학익초등학교,인천광역시 미추홀구 한나루로403번길 122(학익동. 학익초등학교)
인천연학초등학교,인천광역시 미추홀구 주승로 20(학익동. 연학초등학교)
인천삼목초등학교,인천광역시 중구 신도시북로 42. 삼목초등학교(운서동. 인천삼목초등학교)
인천학산초등학교,인천광역시 미추홀구 한나루로357번길 66(학익동. 학산초등학교)
인천경원초등학교,인천광역시 미추홀구 경인로 511(주안동. 경원초등학교)
인천운남초등학교,인천광역시 중구 운남서로 38(운남동. 운남초등학교)
인천동명초등학교,인천광역시 동구 송림로70번길 10(송림동. 동명초등학교)
인성초등학교,인천광역시 중구 신포로39번길 42(송학동2가)
인천중산초등학교,인천광역시 중구 두미포로 100. 인천중산초등학교 (중산동)
인천공항중학교,인천광역시 중구 영종대로27번길 49. 인천공항중학교 (운서동. 인천공항중학교)
관교중학교,인천광역시 미추홀구 경원대로670번길 19(관교동. 관교중학교)
관교여자중학교,인천광역시 미추홀구 경원대로 691(관교동. 관교여자중학교)
인천남중학교,인천광역시 미추홀구 수봉로 16-23(숭의동. 인천남 중학교)
남인천여자중학교,인천광역시 미추홀구 인하로 426(관교동. 남인천여자중학교)
신흥여자중학교,인천광역시 중구 인항로24번길 37(신흥동3가. 신흥여자중학교)
선인중학교,인천광역시 미추홀구 석정로 165. 선인중학교 (도화동)
백령중학교,인천광역시 옹진군 백령면 백령로 708(백령면. 백령고등학교. 백령중학교)
선화여자중학교,인천광역시 미추홀구 석정로 165. 선화여자중학교 (도화동)
신흥중학교,인천광역시 중구 인항로24번길 38(신흥동3가)
영종중학교,인천광역시 중구 남디로 92(운남동. 영종중학교)
용유중학교,인천광역시 중구 남북로87번길 4(남북동)
용현중학교,인천광역시 미추홀구 낙섬동로 16(용현동. 용현중학교)
용현여자중학교,인천광역시 미추홀구 낙섬동로 28(용현동. 용현여자중학교)
인화여자중학교,인천광역시 미추홀구 석정로 165(도화동)
제물포여자중학교,인천광역시 미추홀구 인주대로470번길 20(주안동. 제물포여자중학교)
화도진중학교,인천광역시 동구 화수로 64(화수동. 화도진중학교)
인주중학교,인천광역시 미추홀구 매소홀로 335(학익동. 인주중학교)
광성중학교,인천광역시 중구 참외전로244번길 47. 광성중학교 (도원동)
인천재능중학교,인천광역시 동구 재능로 178(송림동)
동산중학교,인천광역시 동구 동산로 58동산중학교 (송림동. 동산중학교.동산고등학교)
송도중학교,인천광역시 중구 제물량로 123송도중학교
인성여자중학교,인천광역시 중구 홍예문로 39. 인성여자중학교 (송학동2가. 인성여자고등학교.인성여자중학교)
인하대학교사범대학부속중학교,인천광역시 미추홀구 재넘이길123번길 29. 인하대학교사범대학부속중학교 (학익동. 인하사범대부속중고등학교)
인천중산중학교,인천광역시 중구 두미포로 189(중산동. 인천중산중학교)
인천하늘중학교,인천광역시 중구 찬들로284번길 16(운남동)
신동아유치원,인천광역시 부평구 아트센터로 118(십정동.동암신동아아파트)
꿈나무유치원,인천광역시 부평구 동수로120번길 11. 꿈나무유치원 (부개동)
청송유치원,인천광역시 부평구 부평문화로 37청송유치원 (부평동.동아아파트)
꿈나라유치원,인천광역시 부평구 안남로 272(청천동.부평1.2차 금호타운)
현대유치원,인천광역시 부평구 갈월동로 66(갈산동)
연세유치원,인천광역시 부평구 세월천로 16(청천동.청천푸르지오아파트)
성심유치원,인천광역시 부평구 부흥로 323성심유치원 (부평동)
청원유치원,인천광역시 부평구 화랑로47번길 61(산곡동)
아란유치원,인천광역시 부평구 안남로 91(산곡동.현대아파트)
근산유치원,인천광역시 부평구 영성중로 53. 근산유치원 (삼산동)
새빛솔금유치원,인천광역시 부평구 주부토로 146. 새빛솔금유치원 (갈산동)
이화유치원,인천광역시 부평구 원적로 361(산곡동.산곡동한화아파트)
이노필유치원,인천광역시 부평구 수변로 64(부개동)
선화유치원,인천광역시 부평구 산곡로 23(산곡동)
엄지유치원,인천광역시 부평구 부일로 111(부개동)
햇살유치원,인천광역시 부평구 안남로 260(산곡동.현대아파트)
열림유치원,인천광역시 부평구 일신로14번길 23-1(일신동.풍림아파트 101동~110동)
성아유치원,인천광역시 부평구 마장로 48(십정동)
엔젤유치원,인천광역시 부평구 충선로 124-17(부개동)
동심유치원,인천광역시 부평구 원적로416번길 38. 동심유치원 (산곡동)
홍익유치원,인천광역시 부평구 길주로 494번길 12홍익유치원
프렌즈유치원,인천광역시 부평구 주부토로 201(갈산동.대동아파트)
한빛유치원,인천광역시 부평구 부흥로123번길 36(산곡동.뉴서울아파트)
산곡유치원,인천광역시 부평구 마장로 121. 산곡유치원 (산곡동)
파란꿈유치원,인천광역시 부평구 갈월동로 45. 파란꿈유치원 (갈산동)
은현유치원,인천광역시 부평구 길주남로125번길 12(부개동.은현빌딩)
해마루유치원,인천광역시 부평구 일신로 120(구산동.부평자이)
자연과아이들유치원,인천광역시 부평구 원적로471번길 26-6(부평동)
이바유치원,인천광역시 부평구 마장로 168. 17 (산곡동)
인천동암초등학교병설유치원,인천광역시 부평구 동암남로35번길 4(십정동. 인천동암초등학교)
인천마곡초등학교병설유치원,인천광역시 부평구 마곡로27번길 16(산곡동. 인천마곡초등학교)
인천미산초등학교병설유치원,인천광역시 부평구 원적로 391(산곡동. 미산초등학교)
드림유치원,인천광역시 부평구 충선로 158(부개동)
이든유치원,인천광역시 부평구 부개로 58(부개동)
인천백운초등학교병설유치원,인천광역시 부평구 아트센터로 130(십정동)
인천부개초등학교병설유치원,인천광역시 부평구 마분로 9. 인천부개초등학교 (부개동. 인천부개초등학교)
인천부개서초등학교병설유치원,인천광역시 부평구 부일로 39(부개동. 인천 부개서초등학교)
인천부광초등학교병설유치원,인천광역시 부평구 충선로 104(부개동. 인천부광초등학교)
인천부마초등학교병설유치원,인천광역시 부평구 안남로253번길 41(산곡동. 인천부마초등학교)
인천부평남초등학교병설유치원,인천광역시 부평구 경인로911번길 28(부평동. 인천부평남초등학교)
인천부평동초등학교병설유치원,인천광역시 부평구 부평대로88번길 19.부평동초등학교 병설 유치원(부평동)
인천부평북초등학교병설유치원,인천광역시 부평구 주부토로 292(갈산동. 인천부평북초등학교)
인천부평서초등학교병설유치원,인천광역시 부평구 부평문화로53번길 19부평서초등학교(부평동.북부교육지원청)
인천부일초등학교병설유치원,인천광역시 부평구 부흥북로 175. 인천부일초등학교 (부개동)
인천용마초등학교병설유치원,인천광역시 부평구 세월천로30번길 58(청천동. 인천용마초등학교병설유치원)
인천십정초등학교병설유치원,인천광역시 부평구 배곶북로 10-6. 인천십정초등학교 (십정동)
인천산곡초등학교병설유치원,인천광역시 부평구 길주로354번길 39(산곡동. 인천산곡초등학교)
인천갈월초등학교병설유치원,인천광역시 부평구 주부토로 165(갈산동. 인천갈월초등학교)
The큰빛유치원,인천광역시 부평구 장제로195번길 42. The큰빛유치원 (부평동)
청담유치원,인천광역시 부평구 동수천로 70. 부개대동유치원 (부개동)
정민유치원,인천광역시 부평구 부흥로111번길 51(산곡동)
인천한길초등학교병설유치원,인천광역시 부평구 영성중로32(삼산동. 인천한길초등학교)
인천후정초등학교병설유치원,인천광역시 부평구 영성서로 56(삼산동. 인천후정초등학교)
인천굴포초등학교병설유치원,인천광역시 부평구 충선로234번길 19(삼산동. 굴포초등학교)
인천진산초등학교병설유치원,인천광역시 부평구 굴포로 194-10(삼산동. 인천진산초등학교)
인천영선초등학교병설유치원,인천광역시 부평구 충선로 293(삼산동. 인천영선초등학교)
인천금마초등학교병설유치원,인천광역시 부평구 일신로 88(구산동. 금마초등학교)
삼산유치원,인천광역시 부평구 충선로311번길 25-14(삼산동)
인천상정초등학교병설유치원,인천광역시 부평구 상정로 50병설유치원 (십정동. 인천상정초등학교)
예원유치원,인천광역시 부평구 충선로 262(삼산동.예원유치원)
무지개유치원,인천광역시 부평구 안남로41번길 3. 무지개유치원 (부평동)
인천부원초등학교병설유치원,인천광역시 부평구 원적로472번길 29(부평동. 인천부원초등학교)
경희동화나라유치원,인천광역시 부평구 부흥로327번길 13. 경희동화나라유치원 (부평동)
숲속유치원,인천광역시 부평구 산청로17번길 77-1숲속유치원 (산곡동)
인천개흥초등학교,인천광역시 부평구 길주남로65번길 11(부평동. 인천개흥초등학교)
인천대정초등학교,인천광역시 부평구 안남로 115(산곡동. 인천대정초등학교)
인천상정초등학교,인천광역시 부평구 상정로 50(십정동. 인천상정초등학교)
인천갈산초등학교,인천광역시 부평구 갈월동로 55(갈산동.갈산초등학교)
인천갈월초등학교,인천광역시 부평구 주부토로 165(갈산동. 인천갈월초등학교)
인천구산초등학교,인천광역시 부평구 부개로 93(부개동. 인천구산초등학교)
인천동수초등학교,인천광역시 부평구 동수로120번길 10(부개동)
인천동암초등학교,인천광역시 부평구 동암남로35번길 4. 동암초등학교 (십정동.동암초등학교)
인천마곡초등학교,인천광역시 부평구 마곡로27번길 16(산곡동.인천마곡초등학교)
인천마장초등학교,인천광역시 부평구 안남로 266(청천동. 인천마장초등학교)
인천미산초등학교,인천광역시 부평구 원적로 391(산곡동. 미산초등학교)
인천백운초등학교,인천광역시 부평구 아트센터로 130(십정동)
인천부개초등학교,인천광역시 부평구 마분로 9.인천부개초등학교(부개동. 인천부개초등학교)
인천부개서초등학교,인천광역시 부평구 부일로 39(부개동. 인천 부개서초등학교)
인천부곡초등학교,인천광역시 부평구 마장로272번길 73(산곡동)
인천부광초등학교,인천광역시 부평구 충선로 104(부개동)
인천부내초등학교,인천광역시 부평구 수변로 129(부개동)
인천부마초등학교,인천광역시 부평구 안남로253번길 41(산곡동. 인천부마초등학교)
인천부원초등학교,인천광역시 부평구 원적로472번길 29(부평동. 인천부원초등학교)
인천부평남초등학교,인천광역시 부평구 경인로911번길 28(부평동. 인천부평남초등학교)
인천부평동초등학교,인천광역시 부평구 부평대로88번길 19(부평동. 인천부평동초등학교)
인천부평북초등학교,인천광역시 부평구 주부토로 292(갈산동. 인천부평북초등학교)
인천부평서초등학교,인천광역시 부평구 부평문화로53번길 19. 부평서초등학교 (부평동. 북부교육청)
인천부흥초등학교,인천광역시 부평구 부흥로366번길 34(부평동. 인천부흥초등학교)
인천부일초등학교,인천광역시 부평구 부흥북로 175(부개동. 인천부일초등학교)
인천산곡초등학교,인천광역시 부평구 길주로354번길 39(산곡동. 인천산곡초등학교)
인천산곡남초등학교,인천광역시 부평구 부흥로144번길 30(산곡동. 산곡남초등학교)
인천산곡북초등학교,인천광역시 부평구 산청로 18(산곡동. 인천산곡북초등학교)
인천삼산초등학교,인천광역시 부평구 후정동로 44(삼산동)
인천용마초등학교,인천광역시 부평구 세월천로30번길 58(청천동. 인천용마초등학교)
인천신촌초등학교,인천광역시 부평구 경원대로 1215(십정동. 인천신촌초등학교)
인천십정초등학교,인천광역시 부평구 배곶북로 10-6. 인천십정초등학교 (십정동)
인천일신초등학교,인천광역시 부평구 항동로75번길 36(일신동. 인천일신초등학교)
인천청천초등학교,인천광역시 부평구 산청로127번길 12-5(청천동. 인천청천초등학교)
인천하정초등학교,인천광역시 부평구 이규보로 14(십정동. 인천하정초등학교)
인천한길초등학교,인천광역시 부평구 영성중로 32(삼산동)
인천후정초등학교,인천광역시 부평구 영성서로 56(삼산동)
인천굴포초등학교,인천광역시 부평구 충선로234번길 19. 인천굴포초등학교 (삼산동)
인천진산초등학교,인천광역시 부평구 굴포로 194-10(삼산동. 인천진산초등학교)
인천영선초등학교,인천광역시 부평구 충선로 293(삼산동.영선초등학교)
인천금마초등학교,인천광역시 부평구 일신로 88(구산동. 금마초등학교)
한일초등학교,인천광역시 부평구 원적로 247(산곡동)
구산중학교,인천광역시 부평구 수변로 199(부개동. 구산중학교)
인천상정중학교,인천광역시 부평구 경원대로 1083(십정동. 상정중학교)
갈산중학교,인천광역시 부평구 주부토로 166(갈산동. 갈산중학교)
동암중학교,인천광역시 부평구 동암산로 43번길 12(십정동)
부광중학교,인천광역시 부평구 충선로 140. 부광중학교 (부개동)
부원중학교,인천광역시 부평구 경원대로 1339(부평동. 인천 부원중학교)
부원여자중학교,인천광역시 부평구 부영로 88(부평동. 부원여자중학교)
부일중학교,인천광역시 부평구 영성로 3(삼산동. 부일중학교)
부일여자중학교,인천광역시 부평구 동수로 8(부평동. 부일여자중학교)
부평중학교,인천광역시 부평구 부흥북로57번길 10(부평동. 부평중학교)
부평서중학교,인천광역시 부평구 화랑로 29(산곡동 310-23. 부평서중학교)
부평서여자중학교,인천광역시 부평구 경원대로 1213(십정동. 부평서여자중학교)
부평여자중학교,인천광역시 부평구 부평문화로 193-1(부개동. 부평여자중학교)
부흥중학교,인천광역시 부평구 충선로 152(부개동. 인천부흥중학교)
산곡중학교,인천광역시 부평구 원적로300번길 14(산곡동. 산곡중학교)
산곡남중학교,인천광역시 부평구 안남로 187(산곡동. 산곡남중학교)
산곡여자중학교,인천광역시 부평구 마장로204번길 37(산곡동. 산곡여자중학교)
청천중학교,인천광역시 부평구 마장로364번길 23(청천동. 청천중학교)
삼산중학교,인천광역시 부평구 충선로 308.삼산중학교 (삼산동)
진산중학교,인천광역시 부평구 충선로234번길 70(삼산동. 진산중학교)
부평동중학교,인천광역시 부평구 수변로107번길 4(부개동. 부평동중학교)
인천새봄초등학교병설유치원,인천광역시 연수구 앵고개로104번길 34. 34 (동춘동. 인천새봄초등학교)
인천첨단초등학교병설유치원,인천광역시 연수구 송도교육로 20(송도동. 인천첨단초등학교)
미예뜰유치원,인천광역시 남동구 경신로 42(수산동)
아이웰유치원,인천광역시 연수구 청량로194번길 8(옥련동)
참조은유치원,인천광역시 남동구 구월로137번길 63(간석동.참조은어린이집)
인천예송초등학교병설유치원,인천광역시 연수구 컨벤시아대로252번길 75. 인천예송초병설유치원 (송도동. 인천예송초등학교)
인천명선초등학교병설유치원,인천광역시 연수구 컨벤시아대로42번길 64(송도동. 인천명선초등학교)
인천간석초등학교병설유치원,인천광역시 남동구 석산로208번길 37(구월동. 간석초등학교)
인천남촌초등학교병설유치원,인천광역시 남동구 남촌로 101(남촌동)
인천현송초등학교병설유치원,인천광역시 연수구 아카데미로(송도동)
인천구월서초등학교병설유치원,인천광역시 남동구 문화서로77번길 14(구월동)
인천만수초등학교병설유치원,인천광역시 남동구 소래로 652(만수동. 만수초병설유치원)
인천사리울초등학교병설유치원,인천광역시 남동구 아암대로1437번길 50(논현동)
인천신정초등학교병설유치원,인천광역시 연수구 아트센터대로97번길 72(송도동)
인천원동초등학교병설유치원,인천광역시 남동구 논고개로 38(논현동)
인천예송유치원,인천광역시 연수구 컨벤시아대로302번길 23(송도동)
자연발도르프유치원,인천광역시 남동구 백범로297번길 26(간석동)
인천만월초등학교병설유치원,인천광역시 남동구 선수촌로 28(구월동. 인천만월초등학교)
인천송일초등학교병설유치원,인천광역시 연수구 컨벤시아대로252번길 15(송도동)
인천장서초등학교병설유치원,인천광역시 남동구 서창남순환로 109(서창동. 인천장서초등학교)
인천논곡초등학교병설유치원,인천광역시 남동구 함박뫼로 429논곡초등학교병설유치원(논현동)
인천동부초등학교병설유치원,인천광역시 남동구 만수서로33번길 25(만수동. 동부초등학교)
인천소래초등학교병설유치원,인천광역시 남동구 장도로 2(논현동. 소래초등학교)
인천동춘초등학교병설유치원,인천광역시 연수구 앵고개로 224(동춘동. 동춘초등학교)
인천주원초등학교병설유치원,인천광역시 남동구 주안로259번길 28(간석동)
프라임명지유치원,인천광역시 남동구 방축로 482(간석동)
인천성리초등학교병설유치원,인천광역시 남동구 성리로 32-2(구월동. 성리초등학교 병설유치원)
인천장아초등학교병설유치원,인천광역시 남동구 서창방산로 93(서창동)
인천인동초등학교병설유치원,인천광역시 남동구 백범로248번길 38(만수동. 인동초등학교)
인천장수초등학교병설유치원,인천광역시 남동구 담방로 121(만수동. 장수초등학교)
인천축현초등학교병설유치원,인천광역시 연수구 청량로 176(옥련동. 축현초등학교)
인천신월초등학교병설유치원,인천광역시 남동구 인주대로776번길 14. 인천신월초등학교 (구월동. 신월초등학교)
인천도림초등학교병설유치원,인천광역시 남동구 논고개로334번길 21. 인천도림초등학교 (도림동)
인천서창초등학교병설유치원,인천광역시 남동구 장아산로174번길 8(서창동)
인천먼우금초등학교병설유치원,인천광역시 연수구 해돋이로84번길 33. 인천먼우금초등학교 (송도동. 인천먼우금초등학교)
인천신송초등학교병설유치원,인천광역시 연수구 해돋이로56번길 28(송도동. 신송초등학교)
인천장도초등학교병설유치원,인천광역시 남동구 포구로 112(논현동. 인천장도초등학교)
인천동방초등학교병설유치원,인천광역시 남동구 논현역로 31(논현동. 동방초등학교)
글로벌레인보우유치원,인천광역시 연수구 센트럴로 233(송도동)
반디유치원,인천광역시 남동구 서창남순환로 124(서창동)
아이큰별유치원,인천광역시 남동구 선수촌공원로 56(구월동. 아이큰별유치원(유2))
에듀피아유치원,인천광역시 남동구 장아산로232번길 16-5(서창동)
인천청학초등학교병설유치원,인천광역시 연수구 함박뫼로 25(청학동. 청학초병설유치원)
인천미송유치원,인천광역시 연수구 아카데미로 655(송도동)
브레인유치원,인천광역시 남동구 논고개로175번길 22-9(논현동.브레인유치원)
인천고잔유치원,인천광역시 남동구 앵고개로815번길 71(논현동)
인천은송초등학교병설유치원,인천광역시 연수구 센트럴로 460(송도동. 인천은송초등학교)
인천송도꿈유치원,인천광역시 연수구 송도교육로 79. 인천송도꿈유치원 (송도동. 인천송도꿈유치원)
인천송담초등학교병설유치원,인천광역시 연수구(송도동 320)
숲속의유치원,인천광역시 남동구 도림북로19번길 11(도림동)
청학숲유치원,인천광역시 연수구 청학로 49(청학동)
동화나라유치원,인천광역시 연수구 원인재로 14(동춘동.무지개마을)
연수유치원,인천광역시 연수구 새말로 111(연수동.영남아파트)
사랑유치원,인천광역시 연수구 선학로 100(선학동)
부광예능유치원,인천광역시 연수구 원인재로 56(동춘동.현대아파트.현대상가.유치원)
해와달유치원,인천광역시 남동구 호구포로535번길 67(남촌동)
한울유치원,인천광역시 연수구 원인재로 304(연수동.연수경남아파트)
신도유치원,인천광역시 연수구 먼우금로 302(연수동.연수유천아파트)
큰별유치원,인천광역시 연수구 원인재로 81(동춘동.삼성아파트)
인보유치원,인천광역시 연수구 원인재로 312(연수동.연수경남아파트)
아름솔유치원,인천광역시 연수구 청능대로 124(동춘동.연수타운)
새싹유치원,인천광역시 연수구 청량로109번길 22(옥련동)
해나라유치원,인천광역시 연수구 새말로 21(연수동.동남아파트)
인천구월유치원,인천광역시 남동구 인하로 622(구월동)
온누리비전유치원,인천광역시 연수구 청량로185번길 16. 온누리비전유치원 (옥련동.서해아파트)
송도국제유치원,인천광역시 연수구 송도교육로 27(송도동)
참아름유치원,인천광역시 연수구 능허대로79번길 30(옥련동.럭키송도아파트)
꿈동산유치원,인천광역시 연수구 용담로 3(청학동.시대아파트)
청송유치원,인천광역시 연수구 원인재로 88(동춘동.삼환아파트 전체동)
새하늘유치원,인천광역시 연수구 원인재로 232(연수동)
다샘유치원,인천광역시 연수구 먼우금로83번길 12(동춘동.건영아파트)
다슬기유치원,인천광역시 연수구 새말로 134(연수동)
바다의별유치원,인천광역시 연수구 옥련로 33(옥련동.현대아파트)
기암유치원,인천광역시 남동구 서판로 43(만수동)
간석유치원,인천광역시 남동구 석산로220번길 18(구월동. 구월유치원)
청담숲유치원,인천광역시 남동구 만경로8번길 33(만수동)
동심유치원,인천광역시 남동구 성말로35번길 61(구월동.관인동심유치원)
영보유치원,인천광역시 남동구 백범로360번길 26(간석동)
조은유치원,인천광역시 남동구 인주대로 857(만수동.삼환아파트)
새인예유치원,인천광역시 남동구 구월남로 52-1(구월동.새인예유치원)
신명유치원,인천광역시 남동구 백범로101번길 25(만수동)
푸른마을유치원,인천광역시 남동구 용천로4번길 9-9(구월동.푸른마을유치원)
복자유치원,인천광역시 남동구 백범로247번길 47-23(만수동)
해승유치원,인천광역시 남동구 석정로539번길 41(간석동)
키즈월드유치원,인천광역시 연수구 원인재로 180(연수동.우성아파트)
부광유치원,인천광역시 연수구 원인재로 124. 부광유치원 (동춘동. 한양1차아파트)
딩동댕유치원,인천광역시 남동구 담방로 80(만수동)
미상지유치원,인천광역시 연수구 용담로62번길 14(청학동)
인천정각초등학교병설유치원,인천광역시 남동구 구월로 228(구월동)
인천해송초등학교병설유치원,인천광역시 연수구 인천타워대로54번길 46.인천해송초등학교(송도동)
인천상아초등학교병설유치원,인천광역시 남동구 석산로184번길 66(간석동. 인천상아초등학교)
새예지유치원,인천광역시 남동구 용천로 50(구월동)
샤인유치원,인천광역시 남동구 은봉로375번길 108(논현동.샤인유치원)
소담숲유치원,인천광역시 남동구 인주대로 923(만수동)
경희유치원,인천광역시 남동구 찬우물로 9-3. 경희유치원 (수산동)
논현유치원,인천광역시 남동구 은봉로 177(논현동. 논현유치원)
하늘땅유치원,인천광역시 연수구 함박안로156번길 15-12(연수동)
작은꽃예능유치원,인천광역시 연수구 먼우금로 123(동춘동.동춘마을아파트)
꿈의보람유치원,인천광역시 남동구 인주대로721번길 56(구월동)
삼성유치원,인천광역시 남동구 용천로 49(구월동)
해돋이유치원,인천광역시 남동구 백범로281번길 3(간석동.해돋이 교육센타)
행복한유치원,인천광역시 남동구 포구로 64-14(논현동.소래마을풍림아파트)
유석화유치원,인천광역시 남동구 걸재천로39번길 41-1(서창동.유석화유치원)
인천고잔초등학교병설유치원,인천광역시 남동구 아암대로1503번길 48(논현동)
프라임예지유치원,인천광역시 남동구 에코중앙로 192(논현동.프라임예지유치원)
에이스화인유치원,인천광역시 남동구 에코중앙로84번길 9(논현동. Ace 화인유치원)
예다원유치원,인천광역시 남동구 앵고개로941번길 23(논현동)
인천한빛초등학교병설유치원,인천광역시 남동구 서창남순환로 190-28(서창동)
제니스유치원,인천광역시 남동구 서창방산로 99(서창동)
인천송원초등학교병설유치원,인천광역시 연수구 송도과학로51번길 60(송도동)
인천송명초등학교병설유치원,인천광역시 연수구 송도교육로 19(송도동)
수피아유치원,인천광역시 남동구 찬우물로29번길 12(수산동)
아삽유치원,인천광역시 남동구 백범로 247(구월동)
유엔유치원,인천광역시 연수구 랜드마크로 113(송도동. e편한세상 송도)
인천미송초등학교병설유치원,인천광역시 연수구 아카데미로 667(송도동. 인천미송초등학교)
인천새봄초등학교,인천광역시 연수구 앵고개로104번길 34(동춘동. 인천새봄초등학교)
인천첨단초등학교,인천광역시 연수구 송도교육로 20. 인천첨단초등학교 (송도동)
인천예송초등학교,인천광역시 연수구 컨벤시아대로252번길 75(송도동. 인천예송초등학교)
인천간석초등학교,인천광역시 남동구 석산로208번길 37(구월동. 간석초등학교)
인천장서초등학교,인천광역시 남동구 서창남순환로 109(서창동)
인천송일초등학교,인천광역시 연수구 컨벤시아대로252번길 15. 인천송일초등학교 (송도동)
인천연송초등학교,인천광역시 연수구 해돋이로 248(송도동.인천연송초등학교)
인천구월초등학교,인천광역시 남동구 인주대로 721번길 49(구월동.구월초등학교)
인천구월서초등학교,인천광역시 남동구 문화서로77번길 14(구월동. 구월서초등학교)
인천남동초등학교,인천광역시 남동구 장승남로33번길 10(만수동.남동초등학교)
인천남촌초등학교,인천광역시 남동구 남촌로 101(남촌동. 남촌초등학교)
인천논곡초등학교,인천광역시 남동구 함박뫼로 429인천논곡초등학교(논현동)
인천현송초등학교,인천광역시 연수구 아카데미로312번길 96(송도동. 인천현송초등학교)
인천능허대초등학교,인천광역시 연수구 한진로 12(옥련동. 인천능허대초등학교)
인천담방초등학교,인천광역시 남동구 매소홀로 1027(만수동. 담방초등학교)
인천도림초등학교,인천광역시 남동구 논고개로334번길 21(도림동. 도림초등학교)
인천동막초등학교,인천광역시 연수구 원인재로 36(동춘동.동막초등학교)
인천명선초등학교,인천광역시 연수구 컨벤시아대로42번길 64(송도동. 인천명선초등학교)
인천송원초등학교,인천광역시 연수구 송도과학로51번길 60. 인천송원초등학교 (송도동)
인천한빛초등학교,인천광역시 남동구 서창남순환로 190-28(서창동)
인천동부초등학교,인천광역시 남동구 만수서로33번길 25(만수동. 동부초등학교)
인천동춘초등학교,인천광역시 연수구 앵고개로 224(동춘동. 동춘초등학교)
인천만수초등학교,인천광역시 남동구 소래로 652(만수동. 만수초등학교)
인천만수북초등학교,인천광역시 남동구 백범로180번길 25(만수동. 만수북초등학교)
인천사리울초등학교,인천광역시 남동구 아암대로1437번길 50(논현동. 사리울초등학교)
인천송천초등학교,인천광역시 남동구 앵고개로815번길 45(논현동)
인천신정초등학교,인천광역시 연수구 아트센터대로97번길 72(송도동.신정초등학교)
인천원동초등학교,인천광역시 남동구 논고개로 38(논현동. 원동초등학교)
인천만월초등학교,인천광역시 남동구 선수촌로 28(구월동)
인천문남초등학교,인천광역시 연수구 먼우금로 273. 인천문남초등학교 (연수동)
상인천초등학교,인천광역시 남동구 석산로141번길 29(간석동. 상인천초등학교)
인천서면초등학교,인천광역시 연수구 먼우금로 54(동춘동. 인천서면초등학교)
인천석정초등학교,인천광역시 남동구 석정로539번길 32(간석동. 석정초등학교)
인천석천초등학교,인천광역시 남동구 남동대로 828. 인천석천초등학교 (구월동)
인천선학초등학교,인천광역시 연수구 선학로 67(선학동)
인천성리초등학교,인천광역시 남동구 성리로 32-2(구월동. 성리초등학교)
인천소래초등학교,인천광역시 남동구 장도로 2(논현동. 소래초등학교)
인천송도초등학교,인천광역시 연수구 비류대로214번길 21(옥련동.송도초등학교)
인천약산초등학교,인천광역시 남동구 간석로26번길 10(간석동. 약산초등학교)
인천연성초등학교,인천광역시 연수구 원인재로 116. 인천연성초등학교 (동춘동)
인천연수초등학교,인천광역시 연수구 원인재로 324(연수동. 연수초등학교)
인천연화초등학교,인천광역시 연수구 원인재로 150(연수동)
인천옥련초등학교,인천광역시 연수구 한진로 30(옥련동. 옥련초등학교)
인천인동초등학교,인천광역시 남동구 백범로248번길 38. 인천인동초등학교 (만수동)
인천인수초등학교,인천광역시 남동구 인수로 3(만수동. 인수초등학교)
인천장수초등학교,인천광역시 남동구 담방로 121(만수동. 장수초등학교)
인천장아초등학교,인천광역시 남동구 서창방산로 93. 인천장아초등학교 (서창동)
인천조동초등학교,인천광역시 남동구 백범로124번길 164(만수동. 조동초등학교)
인천주원초등학교,인천광역시 남동구 주안로259번길 28(간석동. 주원초등학교)
인천먼우금초등학교,인천광역시 연수구 해돋이로84번길 33. 인천먼우금초등학교 (송도동. 인천먼우금초등학교)
인천중앙초등학교,인천광역시 연수구 새말로 153(연수동. 중앙초등학교)
인천청량초등학교,인천광역시 연수구 먼우금로 158(동춘동. 청량초등학교)
인천청학초등학교,인천광역시 연수구 함박뫼로 25(청학동. 청학초등학교)
인천고잔초등학교,인천광역시 남동구 아암대로1503번길 48. 인천고잔초등학교 (논현동)
인천축현초등학교,인천광역시 연수구 청량로 176. (옥련동. 축현초등학교)
인천신송초등학교,인천광역시 연수구 해돋이로56번길 28(송도동. 신송초등학교)
인천함박초등학교,인천광역시 연수구 함박뫼로 87. 함박초등학교 (연수동. 함박초등학교)
인천신월초등학교,인천광역시 남동구 인주대로776번길 14. 인천신월초등학교 (구월동. 신월초등학교)
인천새말초등학교,인천광역시 남동구 만수로50번길 12(만수동. 새말초등학교)
인천서창초등학교,인천광역시 남동구 장아산로174번길 8(서창동. 서창초등학교)
인천장도초등학교,인천광역시 남동구 포구로 112(논현동. 인천장도초등학교)
인천동방초등학교,인천광역시 남동구 논현역로 31(논현동. 동방초등학교)
인천논현초등학교,인천광역시 남동구 소래역로 102(논현동. 논현초등학교)
인천은봉초등학교,인천광역시 남동구 은봉로312번길 11. 은봉초등학교 (논현동)
인천정각초등학교,인천광역시 남동구 구월로 228(구월동.정각초등학교)
인천해송초등학교,인천광역시 연수구 인천타워대로54번길 46. 인천해송초등학교 (송도동)
인천상아초등학교,인천광역시 남동구 석산로184번길 66(간석동. 상아초등학교)
인천송명초등학교,인천광역시 연수구 송도교육로 19(송도동)
인천미송초등학교,인천광역시 연수구 아카데미로 667(송도동. 인천미송초등학교)
인천은송초등학교,인천광역시 연수구 센트럴로 460(송도동. 인천은송초등학교)
인천송담초등학교,인천광역시 연수구 아카데미로 627(송도동. 인천송담초등학교)
인천박문초등학교,인천광역시 연수구 봉재산로 138-22(동춘동.박문초등학교)
간석여자중학교,인천광역시 남동구 간석로25번길 13(간석동. 간석여자중학교)
구월중학교,인천광역시 남동구 남동대로 814(구월동)
구월여자중학교,인천 남동구 성말로13번길 78. 구월여자중학교 (구월동.구월여자중학교)
남동중학교,인천광역시 남동구 담방로 7(만수동. 남동중학교)
논곡중학교,인천광역시 남동구 논곡로 84(논현동. 논곡중학교)
동인천중학교,인천광역시 남동구 구월남로57번길 12(구월동. 동인천중학교)
연성중학교,인천광역시 연수구 원인재로 105(동춘동. 연성중학교)
만성중학교,인천광역시 남동구 인주대로 899(만수동. 만성중학교)
만수중학교,인천광역시 남동구 인수로 13(만수동.만수중학교)
인천사리울중학교,인천광역시 남동구 에코중앙로84번길 12(논현동. 사리울중학교)
인천신정중학교,인천광역시 연수구 컨벤시아대로42번길 80(송도동. 신정중학교)
만수북중학교,인천광역시 남동구 만수서로 117(만수동. 만수북중학교)
인천예송중학교,인천광역시 연수구 아카데미로 212(송도동. 예송중학교)
인천미송중학교,인천광역시 연수구 아카데미로 679(송도동. 인천미송중학교)
만수여자중학교,인천광역시 남동구 만수로50번길 22-36(만수동. 만수여자중학교)
만월중학교,인천광역시 남동구 서창남순환로 22(서창동. 만월중학교)
상인천중학교,인천광역시 남동구 백범로297번길 21(간석동. 상인천중학교)
상인천여자중학교,인천광역시 남동구 문화로169번길 30(간석동. 상인천여자중학교)
선학중학교,인천광역시 연수구 선학로 19. 선학동 344 (선학동. 선학중학교)
연수중학교,인천광역시 연수구 원인재로 231(연수동. 연수중학교)
연화중학교,인천광역시 연수구 용담로 156(연수동. 연화중학교)
옥련중학교,인천광역시 연수구 청량로 222(옥련동. 옥련중학교)
인송중학교,인천광역시 연수구 능허대로79번길 55(옥련동.인송중학교)
인천여자중학교,인천광역시 연수구 원인재로 47. 인천여자중학교 (동춘동)
인천중학교,인천광역시 연수구 함박뫼로 203(연수동.인천중학교)
청량중학교,인천광역시 연수구 먼우금로 138.청량중학교(동춘동. 청량중학교)
청학중학교,인천광역시 연수구 함박뫼로 5(청학동. 청학중학교)
인천고잔중학교,인천광역시 남동구 논고개로 20. 인천고잔중학교 (논현동)
함박중학교,인천광역시 연수구 솔샘로 143(청학동 109-1)
석정중학교,인천광역시 남동구 방축로469번길 1(간석동.석정중학교)
능허대중학교,인천광역시 연수구 송도교육로 31(송도동. 능허대중학교)
신송중학교,인천광역시 연수구 해돋이로56번길 12(송도동. 신송중학교)
박문중학교,인천광역시 연수구 송도과학로51번길 102(송도동)
인천논현중학교,인천광역시 남동구 포구로 118(논현동.논현중학교)
인천성리중학교,인천광역시 남동구 성리로 26(구월동. 성리중학교)
인천동방중학교,인천광역시 남동구 논현역로 41(논현동. 동방중학교)
인천정각중학교,인천광역시 남동구 구월로 240(구월동. 정각중학교)
인천서창중학교,인천광역시 남동구 독곡로60번길 16(서창동. 서창중학교)
인천해송중학교,인천광역시 연수구 해송로 148(송도동. 인천해송중학교)
숭덕여자중학교,인천광역시 남동구 만수로73번길 20-23(만수동. 숭덕여자중고등학교)
인천현송중학교,인천광역시 연수구 아카데미로312번길 84(송도동. 인천현송중학교)
구월여자중학교 부설 방송통신중학교,인천광역시 남동구 성말로 13번길 78
상아유치원,인천광역시 계양구 장제로 878(병방동)
석화유치원,인천광역시 계양구 도두리로 68(작전동)
경인여자대학교부속유치원,인천광역시 계양구 계양산로 63(계산동)
예그랑유치원,인천광역시 계양구 안남로554번길 25(효성동)
노틀담유치원,인천광역시 계양구 계양산로35번길 12-37(계산동)
해승유치원,인천광역시 계양구 도두리로 54(작전동)
미래유치원,인천광역시 계양구 주부토로363번길 27. 동보아파트단지내 (작전동)
마리아유치원,인천광역시 계양구 임학서로42번길 17(임학동)
서해유치원,인천광역시 계양구 계산로 152(계산동)
정원유치원,인천광역시 계양구 봉오대로743번길 20작전동
영광유치원,인천광역시 계양구 안남로 596(효성동)
산들유치원,인천광역시 계양구 역골로119번길 17(다남동)
보나유치원,인천광역시 계양구 효서로 393(작전동)
자연유치원,인천광역시 계양구 봉오대로477번길 18(효성동)
밀알유치원,인천광역시 계양구 임학서로45번길 5(임학동)
동진유치원,인천광역시 서구 신진말로 32-1(가좌동)
뿌리유치원,인천광역시 서구 강남로 1(석남동)
아림유치원,인천광역시 서구 장고개로 375-11(가좌동)
예일유치원,인천광역시 서구 장고개로337번길 12(가좌동)
명문유치원,인천광역시 서구 고산로 16(원당동)
한샘유치원,인천광역시 서구 율도로15번길 26-9(신현동)
한울유치원,인천광역시 서구 서곶로 818(당하동)
큰사랑유치원,인천광역시 서구 완정로64번길 7(마전동.영남탑스빌아파트)
재은유치원,인천광역시 서구 완정로34번길 20(마전동)
에녹유치원,인천광역시 서구 원창로 180(신현동)
새한신유치원,인천광역시 서구 여우재로 129(가좌동)
인천단봉초등학교병설유치원,인천광역시 서구 단봉로 122(오류동. 단봉초등학교)
산울림유치원,인천광역시 서구 봉수대로 1548-15(금곡동)
예지유치원,인천광역시 서구 검단로 836(불로동)
은하유치원,인천광역시 서구 완정로10번길 20(마전동)
연희유치원,인천광역시 서구 탁옥로85번길 6(심곡동)
희망찬유치원,인천광역시 서구 단봉로 139 3-2(왕길동)
리라유치원,인천광역시 서구 원당대로839번안길 6(원당동)
예인유치원,인천광역시 서구 원당대로819번길 3(원당동)
무지개유치원,인천광역시 서구 검단로487번길 52-1(마전동)
산새소리유치원,인천광역시 서구 서달로 198(가정동)
예림유치원,인천광역시 계양구 아나지로 199(뉴서울 5차)
인천화전유치원,인천광역시 계양구 효서로 314(작전동. 인천화전유치원)
다은유치원,인천광역시 서구 청중로478번길 9(가정동)
꼬마정원유치원,인천광역시 서구 봉화로15번길 11-7(오류동)
경서유치원,인천광역시 서구 경서로56번길 7-2(경서동)
인천검암유치원,인천광역시 서구 승학로599번길 45(검암동)
인천도담초등학교병설유치원,인천광역시 서구 청라커낼로 217 인천도담초등학교병설유치원(청라동. 도담초등학교)
일영유치원,인천광역시 서구 고산로45번길 4(원당동)
인천백석초등학교병설유치원,인천광역시 서구 청마로 55(당하동. 인천백석초등학교병설유치원)
인천가원초등학교병설유치원,인천광역시 서구 청중로478번길 6(가정동. 인천가원초등학교병설유치원)
예빛유치원,인천광역시 서구 경서로32번길 18(경서동)
세라유치원,인천광역시 서구 경서로 80(경서동)
인천해든초등학교병설유치원,인천광역시 서구 서로3로 60(당하동. 인천해든초등학교)
인천가석초등학교병설유치원,인천광역시 서구 서달로 174(가정동. 가석초병설유치원)
계양유치원,인천광역시 계양구 계양산로193번길 20(병방동)
인천가현초등학교병설유치원,인천광역시 서구 염곡로 417. 인천가현초등학교병설유치원 (신현동)
사랑나무유치원,인천광역시 계양구 임학안로6번길 7(임학동)
인천해원초등학교병설유치원,인천광역시 서구 청라사파이어로140번길 6. 인천해원초등학교 병설유치원 (청라동)
인천경명초등학교병설유치원,인천광역시 서구 크리스탈로 130(청라동. 인천경명초등학교)
인천금곡초등학교병설유치원,인천광역시 서구 완정로228번길 19(금곡동. 금곡초등학교)
인천계양초등학교병설유치원,인천광역시 계양구 장제로 1288(장기동. 인천계양초등학교병설유치원)
인천검단초등학교병설유치원,인천광역시 서구 마전로115번길 24(마전동. 검단초등학교)
인천푸른빛유치원,인천광역시 서구 청라한내로 145. 인천푸른빛유치원 (청라동. 인천푸른빛유치원)
인천계양초등학교상야분교장병설유치원,인천광역시 계양구 벌말로 572-1(상야동. 인천계양초등학교상야분교병설유치원)
인천당하초등학교병설유치원,인천광역시 서구 청마로 144(당하동. 인천당하초등학교병설유치원)
인천마전초등학교병설유치원,인천광역시 서구 완정로34번길 23(마전동. 인천마전초등학교병설유치원)
인천명현초등학교병설유치원,인천광역시 계양구 봉오대로569번길 10(효성동. 명현초등학교)
인천목향초등학교병설유치원,인천광역시 서구 고산후로 377(불로동. 목향초등학교)
인천안산초등학교병설유치원,인천광역시 계양구 임학서로 15(계산동. 안산초병설유치원)
인천청라초등학교병설유치원,인천광역시 서구 청라에메랄드로 139(청라동. 인천청라초등학교)
인천초은초등학교병설유치원,인천광역시 서구 청라에메랄드로 33(청라동. 초은초등학교)
인천불로초등학교병설유치원,인천광역시 서구 검단로744번1길 50(불로동)
인천부현초등학교병설유치원,인천광역시 계양구 장제로755번길 30(계산동. 인천부현초병설유치원)
인천서곶초등학교병설유치원,인천광역시 서구 대평로56번길 9(연희동. 서곶초병설유치원)
인천서운초등학교병설유치원,인천광역시 계양구 서운로 12인천서운초등학교병설유치원(서운동)
인천석남초등학교병설유치원,인천광역시 서구 서달로130번길 4(석남동. 석남초등학교)
인천성지초등학교병설유치원,인천광역시 계양구 아나지로247번길 8(작전동. 성지초등학교)
인천서현유치원,인천광역시 서구 새오개로111번안길 7(신현동. 인천서현유치원)
인천신석초등학교병설유치원,인천광역시 서구 새오개로 9(석남동. 신석초등학교)
인천소양초등학교병설유치원,인천광역시 계양구 박촌로 53(박촌동. 인천소양초등학교병설유치원)
인천양지초등학교병설유치원,인천광역시 서구 승학로197번길 11(심곡동. 양지초등학교)
꿈드림유치원,인천광역시 서구 장고개로280번길 7-1(가좌동)
경인무지개유치원,인천광역시 서구 건지로318번안길 7(가좌동)
드림유치원,인천광역시 서구 청라커낼로223번길 13(청라동)
엔젤유치원,인천광역시 서구 청라커낼로 163(청라동)
청라유치원,인천광역시 서구 솔빛로 68(청라동. 청라유치원)
프라임청라유치원,인천광역시 서구 청라한울로59번길 5호(청라동)
인천아라꿈유치원,인천광역시 서구 서로2로 28(당하동. 인천아라꿈유치원)
인천창신초등학교병설유치원,인천광역시 서구 고산후로161번길 6(원당동. 창신초등학교)
인천경연초등학교병설유치원,인천광역시 서구 차오름로 64(청라동)
인천간재울초등학교병설유치원,인천광역시 서구 승학로 433(검암동. 간재울초등학교)
인천발산초등학교병설유치원,인천광역시 서구 고산후로78번길 6(당하동. 발산초등학교)
인천봉화초등학교병설유치원,인천광역시 서구 건지로250번길 43(가좌동. 봉화초등학교)
인천은지초등학교병설유치원,인천광역시 서구 승학로572번길 22(검암동. 은지초등학교)
인천귤현초등학교병설유치원,인천광역시 계양구 귤현길 15(귤현동. 인천귤현초등학교병설유치원)
인천해서초등학교병설유치원,인천광역시 계양구 계산로 42-1. 해서초등학교병설유치원(계산동. 해서초등학교)
인천가림초등학교병설유치원,인천광역시 서구 장고개로293번길 29(가좌동. 인천가림초등학교병설유치원)
인천왕길초등학교병설유치원,인천광역시 서구 봉수대로1440번길 20.인천왕길초등학교병설유치원(왕길동)
인천원당초등학교병설유치원,인천광역시 서구 원당대로820번길 16(당하동. 원당초등학교)
인천청람초등학교병설유치원,인천광역시 서구 청라커낼로 336(청라동. 인천청람초등학교)
인천청일초등학교병설유치원,인천광역시 서구 크리스탈로 46(청라동. 인천청일초등학교)
인천가정초등학교병설유치원,인천광역시 서구 장고개로 336-1(가좌동. 가정초등학교)
인천길주초등학교병설유치원,인천광역시 계양구 용종로 90(용종동)
인천봉수초등학교병설유치원,인천광역시 서구 봉오대로267번길 11-4(가정동. 봉수초등학교병설유치원)
인천신현북초등학교병설유치원,인천광역시 서구 원창로 147(신현동. 신현북초등학교병설유치원)
인천안남초등학교병설유치원,인천광역시 계양구 경명대로1114번길 26(계산동. 안남초등학교)
인천한별초등학교병설유치원,인천광역시 서구 서로3로 201(원당동. 인천한별초등학교)
인천경서초등학교병설유치원,인천광역시 서구 경서로31번길 31(경서동. 경서초등학교)
인천양촌초등학교병설유치원,인천광역시 계양구 장제로 954(병방동. 인천양촌초등학교병설유치원)
인천능내초등학교병설유치원,인천광역시 서구 검단로540번길 23(마전동. 능내초등학교)
인천당산초등학교병설유치원,인천광역시 계양구 동양로 122(동양동. 인천당산초등학교병설유치원)
아이사랑유치원,인천광역시 서구 도요지로201번길 10(검암동)
바다유치원,인천광역시 서구 염곡로311번길 7(석남동)
보람유치원,인천광역시 계양구 장제로928번길 23(병방동)
예소담유치원,인천광역시 계양구 양지말2길 7(동양동)
청라새싹유치원,인천광역시 서구 용두산로26번길 14-5(심곡동)
인천완정초등학교병설유치원,인천광역시 서구 완정로 99(마전동. 완정초등학교)
인천이음초등학교병설유치원,인천광역시 서구 이음1로 447(원당동. 인천이음초등학교)
인천서로꿈유치원,인천광역시 서구 당곡로24번안길 22. 인천서로꿈유치원 (원당동. 인천서로꿈유치원)
해나라유치원,인천광역시 서구 고산후로161번안길 35(원당동)
사랑샘유치원,인천광역시 서구 원당대로820번2길 5(당하동)
인천건지초등학교병설유치원,인천광역시 서구 건지로318번길 39(가좌동. 건지초등학교)
인천아람초등학교병설유치원,인천광역시 서구 원당동. 431 (원당동. 인천아람초등학교병설유치원)
인천공촌초등학교병설유치원,인천광역시 서구 심곡로188번길 21(공촌동. 공촌초등학교)
인천효성동초등학교,인천광역시 계양구 새벌로171번길 4(효성동. 인천효성동초등학교)
인천단봉초등학교,인천광역시 서구 단봉로 122(오류동)
인천부현동초등학교,인천광역시 계양구 용종로 5(계산동. 부현동초등학교)
인천한별초등학교,인천광역시 서구 서로3로 201. 인천한별초등학교 (아라동)
경인교육대학교부설초등학교,인천광역시 계양구 안남로 612(효성동) 경인교육대학교부설초등학교
인천도담초등학교,인천광역시 서구 청라커낼로 217(청라동. 도담초등학교)
인천가원초등학교,인천광역시 서구 청중로478번길 6. 인천가원초등학교 (가정동)
인천해든초등학교,인천광역시 서구 서로3로 60(당하동. 인천해든초등학교)
인천가석초등학교,인천광역시 서구 서달로 174(가정동)
인천가현초등학교,인천광역시 서구 염곡로 417(신현동. 가현초등학교)
인천가정초등학교,인천광역시 서구 장고개로 336-1(가좌동.가정초등학교)
인천가좌초등학교,인천광역시 서구 장고개로309번길 5(가좌동. 가좌초등학교)
인천경명초등학교,인천광역시 서구 크리스탈로 130. 139-2(청라동. 인천경명초등학교)
인천건지초등학교,인천광역시 서구 건지로318번길 39(가좌동. 건지초등학교)
인천검단초등학교,인천광역시 서구 마전로115번길 24(마전동. 검단초등학교)
인천공촌초등학교,인천광역시 서구 심곡로188번길 21(공촌동)
인천계산초등학교,인천광역시 계양구 경명대로 1005(계산동. 계산초등학교)
인천계양초등학교,인천광역시 계양구 장제로 1288(장기동. 인천계양초등학교)
인천길주초등학교,인천광역시 계양구 용종로 90(용종동. 인천길주초등학교)
인천금곡초등학교,인천광역시 서구 완정로228번길 19(금곡동. 금곡초등학교)
인천당하초등학교,인천광역시 서구 청마로 144(당하동. 당하초등학교)
인천계양초등학교상야분교장,인천광역시 계양구 벌말로 572-1(상야동. 인천계양초등학교상야분교장)
인천마전초등학교,인천광역시 서구 완정로34번길 23(마전동. 마전초등학교)
인천명현초등학교,인천광역시 계양구 봉오대로569번길 10(효성동. 명현초등학교)
인천목향초등학교,인천광역시 서구 고산후로 377(불로동. 목향초등학교)
인천백석초등학교,인천광역시 서구 청마로 55(당하동)
인천병방초등학교,인천광역시 계양구 병방로 2(병방동. 인천병방초등학교)
인천봉수초등학교,인천광역시 서구 봉오대로267번길 11-4(가정동. 봉수초등학교)
인천안산초등학교,인천광역시 계양구 임학서로 15(계산동)
인천부평초등학교,인천광역시 계양구 어사대로 20(계산동. 인천부평초등학교)
인천청라초등학교,인천광역시 서구 청라에메랄드로 139. 인천청라초등학교 (청라동. 인천청라초등학교)
인천초은초등학교,인천광역시 서구 청라에메랄드로 33(청라동. 인천초은초등학교)
인천불로초등학교,인천광역시 서구 검단로744번1길 50.불로초등학교 (불로동. 불로초등학교)
인천부현초등학교,인천광역시 계양구 장제로755번길 30.(계산동)
인천이음초등학교,인천광역시 서구 이음1로 447(원당동. 인천이음초등학교)
인천서곶초등학교,인천광역시 서구 대평로56번길 9(연희동. 서곶초등학교)
인천서운초등학교,인천광역시 계양구 서운로 12인천서운초등학교(서운동)
인천석남초등학교,인천광역시 서구 서달로130번길 4(석남동. 석남초등학교)
인천석남서초등학교,인천광역시 서구 건지로249번길 6(석남동. 석남서초등학교)
인천성지초등학교,인천광역시 계양구 아나지로247번길 8(작전동.성지초등학교)
인천소양초등학교,인천광역시 계양구 박촌로 53(박촌동. 인천소양초등학교)
인천신대초등학교,인천광역시 계양구 계산새로 133(용종동. 신대초등학교)
인천신석초등학교,인천광역시 서구 새오개로 9(석남동. 신석초등학교)
인천신현초등학교,인천광역시 서구 율도로77번길 1(신현동. 신현초등학교)
인천신현북초등학교,인천광역시 서구 원창로 147. 신현북초등학교 (신현동)
인천심곡초등학교,인천광역시 서구 심곡로 114(심곡동. 심곡초등학교)
인천안남초등학교,인천광역시 계양구 경명대로1114번길 26(계산동. 안남초등학교)
인천양지초등학교,인천광역시 서구 승학로197번길 11(심곡동. 양지초등학교)
인천작동초등학교,인천광역시 계양구 까치말로 35(작전동. 인천작동초등학교)
인천작전초등학교,인천광역시 계양구 주부토로 456(작전동. 인천작전초등학교)
인천창신초등학교,인천광역시 서구 고산후로161번길 6. 인천창신초등학교 (원당동)
인천천마초등학교,인천광역시 서구 서달로 58-5(석남동. 천마초등학교)
인천화전초등학교,인천광역시 계양구 효서로303번길 8(작전동. 인천화전초등학교)
인천효성초등학교,인천광역시 계양구 안남로 601(효성동. 효성초등학교)
인천효성남초등학교,인천광역시 계양구 새벌로 125(효성동.효성남초등학교)
인천해원초등학교,인천광역시 서구 청라사파이어로140번길 5(청라동. 인천해원초등학교)
인천효성서초등학교,인천광역시 계양구 봉오대로 457(효성동. 효성서초등학교)
인천간재울초등학교,인천광역시 서구 승학로 433(검암동. 간재울초등학교)
인천검암초등학교,인천광역시 서구 승학로 599번길 45(검암동. 검암초등학교)
인천발산초등학교,인천광역시 서구 고산후로78번길 6. 인천발산초등학교 (당하동)
인천봉화초등학교,인천광역시 서구 건지로250번길 43(가좌동. 봉화초등학교)
인천은지초등학교,인천광역시 서구 승학로572번길 22. 인천은지초등학교 (검암동)
인천귤현초등학교,인천광역시 계양구 귤현길 15(귤현동. 귤현초등학교)
인천해서초등학교,인천광역시 계양구 계산로 42-1(계산동. 해서초등학교)
인천가림초등학교,인천광역시 서구 장고개로293번길 29(가좌동. 인천가림초등학교)
인천왕길초등학교,인천광역시 서구 봉수대로1440번길 20(왕길동.왕길초등학교)
인천경서초등학교,인천광역시 서구 경서로31번길 31(경서동. 경서초등학교)
인천원당초등학교,인천광역시 서구 원당대로820번길 16(당하동.원당초등학교)
인천능내초등학교,인천광역시 서구 검단로540번길 23(마전동. 능내초등학교)
인천당산초등학교,인천광역시 계양구 동양로 122(동양동)
인천양촌초등학교,인천광역시 계양구 장제로 954(병방동. 양촌초등학교)
인천완정초등학교,인천광역시 서구 완정로 99(마전동. 완정초등학교)
인천청일초등학교,인천광역시 서구 크리스탈로 46(청라동. 인천청일초등학교)
인천청람초등학교,인천광역시 서구 청라커낼로 336(청라동. 인천청람초등학교)
인천아람초등학교,인천광역시 서구 이음1로 289. 인천아람초등학교 (원당동 1094-2)
인천예일중학교,인천광역시 계양구 장제로995번길 39(방축동. 인천예일중학교)
인천청람중학교,인천광역시 서구 청라커낼로 335(청라동. 인천청람중학교)
가정여자중학교,인천광역시 서구 고래울로28번길 13(가좌동. 가정여자중학교)
가좌중학교,인천광역시 서구 건지로334번길 31(가좌동. 가좌중학교)
인천가좌여자중학교,인천광역시 서구 서달로 110(석남동. 가좌여자중학교)
검단중학교,인천광역시 서구 완정로188번길 12(마전동. 검단중학교)
검암중학교,인천광역시 서구 검암로29번길 12(검암동. 검암중학교)
계산중학교,인천광역시 계양구 도두리로 67-16(계산동. 계산중학교)
계산여자중학교,인천광역시 계양구 장제로755번길 16(계산동.계산여자중학교)
계양중학교,인천광역시 계양구 장제로1181번길 9. 계양중학교 (귤현동)
인천당하중학교,인천광역시 서구 청마로 38(당하동. 당하중학교)
동인천여자중학교,인천광역시 서구 여우재로112번길 13(가좌동. 동인천여자중학교)
명현중학교,인천광역시 계양구 안남로554번길 26. 명현중학교 (효성동)
인천이음중학교,인천광역시 서구 이음1로 455. (우)22861 (원당동. 인천이음중학교)
인천청라중학교,인천광역시 서구 청라라임로 112(청라동. 청라중학교)
북인천여자중학교,인천광역시 계양구 아나지로85번길 12(효성동)
북인천중학교,인천광역시 계양구 계산로22번길 6(계산동. 북인천중학교)
불로중학교,인천광역시 서구 고산후로 363(불로동. 불로중학교)
백석중학교,인천광역시 서구 서곶로 695(백석동. 백석중학교)
서곶중학교,인천광역시 서구 대평로56번길 22(연희동. 서곶중학교)
서운중학교,인천광역시 계양구 아나지로 467(서운동. 서운중학교)
신현중학교,인천광역시 서구 원창로131번길 23(신현동)
신현여자중학교,인천광역시 서구 새오개로111번길 15(신현동. 신현여자중학교)
인천안남중학교,인천광역시 계양구 계산새로33번길 5(계산동. 안남중학교)
인천초은중학교,인천광역시 서구 청라라임로 10(청라동. 초은중학교)
임학중학교,인천광역시 계양구 장제로 894임학중학교 (병방동)
제물포중학교,인천광역시 서구 여우재로112번길 7. 제물포중학교 (가좌동. 제물포중학교)
인천효성중학교,인천광역시 계양구 안남로 607(효성동. 인천효성중학교)
작전중학교,인천광역시 계양구 주부토로448번길 16.작전중학교(작전동)
간재울중학교,인천광역시 서구 승학로512번길 34(검암동. 간재울중학교)
마전중학교,인천광역시 서구 완정로 91(마전동. 마전중학교)
원당중학교,인천광역시 서구 고산로40번길 22(원당동. 원당중학교)
인천동양중학교,인천광역시 계양구 당미길 56(동양동. 인천동양중학교)
인천양촌중학교,인천광역시 계양구 장제로948번길 13(병방동)
인천가현중학교,인천광역시 서구 염곡로 409(신현동. 가현중학교)
인천석남중학교,인천광역시 서구 건지로 333(석남동. 석남중학교)
인천계수중학교,인천광역시 계양구 살라리로2번길 25(서운동.계수중학교)
인천해원중학교,인천광역시 서구 청라한내로 21(청라동. 인천해원중학교)
인천루원중학교,인천광역시 서구 염곡로 517(가정동. 인천루원중학교)
인천아라중학교,인천광역시 서구 서로2로 50(당하동. 인천아라중학교)
강화유치원,인천광역시 강화군 강화읍 관청길 22. 강화유치원 (강화읍)
잠두유치원,인천광역시 강화군 강화읍 청하동길 36. 잠두유치원 (강화읍)
코끼리유치원,인천광역시 강화군 강화읍 충렬사로 52-2. 코끼리유치원 (강화읍)
갑룡초등학교병설유치원,인천광역시 강화군 강화읍 갑룡길 88. 갑룡초등학교병설유치원 (강화읍. 갑룡초등학교)
강화초등학교병설유치원,인천광역시 강화군 강화읍 북문길 36. 강화초등학교병설유치원 (강화읍. 강화초등학교)
교동초등학교병설유치원,인천광역시 강화군 교동면 대룡안길 29(교동면. 교동초등학교)
내가초등학교병설유치원,인천광역시 강화군 내가면 강화서로 264(내가면. 내가초등학교)
대월초등학교병설유치원,인천광역시 강화군 강화읍 대월로 216(강화읍. 대월초등학교)
명신초등학교병설유치원,인천광역시 강화군 하점면 강화서로560번길 22(하점면. 명신초등학교)
송해초등학교병설유치원,인천광역시 강화군 송해면 전망대로 93-12(송해면. 송해초등학교)
삼산초등학교병설유치원,인천광역시 강화군 삼산면 삼산북로 451(삼산면. 삼산초등학교)
선원초등학교병설유치원,인천광역시 강화군 선원면 강화동로 924(선원면. 선원초등학교)
양사초등학교병설유치원,인천광역시 강화군 양사면 덕하로 145(양사면. 양사초등학교)
교동초등학교지석분교장병설유치원,인천광역시 강화군 교동면 교동북로 275-1(교동면)
하점초등학교병설유치원,인천광역시 강화군 하점면 강화대로 1190(하점면. 하점초등학교)
합일초등학교병설유치원,인천광역시 강화군 강화읍 합일길 3(강화읍. 합일초등학교)
해명초등학교병설유치원,인천광역시 강화군 삼산면 삼산남로 345(삼산면. 해명초등학교)
서도초등학교병설유치원,인천광역시 강화군 서도면 주문도길 173(서도면)
마니산유치원,인천광역시 강화군 양도면 강화남로 510-1. 마니산유치원 (양도면)
갑룡초등학교,인천광역시 강화군 강화읍 갑룡길 88(강화읍. 갑룡초등학교)
강화초등학교,인천광역시 강화군 강화읍 북문길 36(강화읍.강화초등학교)
교동초등학교,인천광역시 강화군 교동면 대룡안길 29. 교동초등학교 (교동면. 교동초등학교)
길상초등학교,인천광역시 강화군 길상면 삼랑성길 22. 길상초등학교 (길상면. 길상초등학교)
내가초등학교,인천광역시 강화군 내가면 강화서로 264(내가면)
대월초등학교,인천광역시 강화군 강화읍 대월로 216(강화읍. 대월초등학교)
명신초등학교,인천광역시 강화군 하점면 강화서로560번길 22. 명신초등학교 (하점면)
불은초등학교,인천광역시 강화군 불은면 불은남로544번길 9(불은면. 불은초등학교)
삼산초등학교,인천광역시 강화군 삼산면 삼산북로 451. 삼산초등학교 (삼산면)
삼성초등학교,인천광역시 강화군 불은면 중앙로 609(불은면. 삼성초등학교)
서도초등학교,인천광역시 강화군 서도면 주문도길 173(서도면. 서도초.중.고등학교)
선원초등학교,인천광역시 강화군 선원면 강화동로 924(선원면.선원초등학교)
송해초등학교,인천광역시 강화군 송해면 전망대로 93-12(송해면. 송해초등학교)
양도초등학교,인천광역시 강화군 양도면 강화남로 1036(양도면. 양도초등학교)
양사초등학교,인천광역시 강화군 양사면 덕하로 145(양사면. 양사초등학교)
조산초등학교,인천광역시 강화군 양도면 강화남로 510(양도면. 조산초등학교)
교동초등학교지석분교장,인천광역시 강화군 교동면 교동북로 275-1(교동면)
하점초등학교,인천광역시 강화군 하점면 강화대로 1190(하점면.하점초등학교)
합일초등학교,인천광역시 강화군 강화읍 합일길 3(강화읍.합일초등학교)
해명초등학교,인천광역시 강화군 삼산면 삼산남로 345. 해명초등학교 (삼산면. 해명초등학교)
화도초등학교,인천광역시 강화군 화도면 마니산로 717(화도면)
강남중학교,인천광역시 강화군 길상면 강화남로 62-2(길상면. 강남중학교)
강서중학교,인천광역시 강화군 하점면 강화서로 909-19(하점면. 강서중학교)
강화중학교,인천광역시 강화군 강화읍 동문로 53. 강화중학교 (강화읍)
강화여자중학교,인천광역시 강화군 강화읍 갑룡길 11(강화읍)
교동중학교,인천광역시 강화군 교동면 교동남로 77(교동면)
서도중학교,인천광역시 강화군 서도면 주문도길 173(서도면. 서도초.중.고등학교)
심도중학교,인천광역시 강화군 화도면 마니산로 703-20(화도면. 심도중학교)
동광중학교,인천광역시 강화군 양도면 강화남로 704(양도면. 동광중학교)
승영중학교,인천광역시 강화군 삼산면 삼산북로473번길 47. 삼산승영중학교 (삼산면. 삼산승영중학교)
자유유치원,인천광역시 중구 자유공원로 105(송월동3가. 자유유치원